dataset,real_rows,synthetic_rows,sampled_real_rows,sampled_synthetic_rows,encoded_dimensions,overlap,mixing,centroid_delta
CHARLS,14912,14099,2000,2000,45,0.4055,0.4137,0.03329081048638993
HRS,13090,11643,2000,2000,43,0.4565,0.43695,0.06610660754431262
SHARE,30068,26942,2000,2000,49,0.4515,0.43078333333333335,0.109174571315197
